{
    "defaultAnimationDurationMs": 350,
    "pageTransitionDurationMs": 500,
    "fadeAnimationDurationMs": 300,
    "slideAnimationDurationMs": 400,
    "defaultAnimationCurve": "easeInOut",
    "animationTypes": {
      "fade": "fade",
      "slideHorizontal": "slideHorizontal",
      "slideVertical": "slideVertical",
      "scale": "scale",
      "none": "none"
    },
    "transitionEffects": {
      "pageTransitionDefault": "fade",
      "dialogTransition": "scale",
      "snackbarAnimation": "slideHorizontal"
    }
  }