{
    "apiProvider": "dio",
    "baseUrl": null,
    "requestHeaders": {
      "Content-Type": "application/json",
      "Accept-Language": "{{localization.currentLocale}}",
      "X-App-Version": "{{app.version}}",
      "X-Device-Platform": "{{device.platform}}"
    },
    "timeout": {
      "connectTimeoutMs": 15000,
      "receiveTimeoutMs": 45000
    },
    "retryPolicy": {
      "maxRetries": 4,
      "retryIntervalMs": 3000,
      "retryStatusCodes": [408, 500, 502, 503, 504]
    },
    "interceptors": {
      "requestLogEnabled": true,
      "responseLogEnabled": true,
      "errorLogEnabled": true,
      "authenticationEnabled": false 
    }
  }