{
    "productDataSource": "api",
    "userDataSource": "database",
    "featureFlagDataSource": "remoteConfig", 
    "useMockDataForDevelopment": true,
    "mockDataSourceDelayMs": 1500,
    "api": { 
      "product": {
        "listProductsEndpoint": "/products",
        "productDetailEndpoint": "/products/{productId}"
      },
      "user": {
        "userProfileEndpoint": "/users/profile"
      }
    },
    "database": { 
      "user": {
        "userTableName": "users_table"
      }
    }
  }