{
    "app_name": "My Dynamic App",
    "greeting": "Hello",
    "welcome_message": "Welcome to our awesome app!",
    "login_button": "Log In",
    "logout_button": "Log Out",
    "home_screen_title": "Home",
    "product_details_title": "Product Details",
    "error_network": "Network error. Please check your connection.",
    "error_api": "Server error. Please try again later.",
    "error_unknown": "Oops! Something went wrong.",
    "validation_email_required": "Email is required",
    "validation_email_invalid": "Invalid email format",
    "validation_password_required": "Password is required",
    "validation_password_invalid": "Password is too weak",
    "cache_cleared": "Cache cleared successfully",
    "config_loaded": "Configuration loaded",
    "data_fetched_successfully": "Data fetched successfully",
    "db_initialized": "Database initialized",
    "auth_logged_in": "Logged in successfully",
    "auth_logged_out": "Logged out successfully",
    "auth_session_expired": "Session expired. Please login again.",
    "auth_registration_success": "Registration successful",
    "auth_forgot_password_requested": "Password reset link sent to your email",
    "auth_password_reset_success": "Password reset successfully",
    "profile_updated_success": "Profile updated successfully",
    "settings_language": "Language",
    "settings_theme": "Theme",
    "settings_notifications": "Notifications",
    "settings_about_us": "About Us",
    "settings_help_feedback": "Help & Feedback",
    "theme_light": "Light",
    "theme_dark": "Dark",
    "theme_system_default": "System Default",
    "language_english": "English",
    "language_spanish": "Spanish",
    "language_french": "French",
    "retry": "Retry",
    "cancel": "Cancel",
    "submit": "Submit",
    "save": "Save",
    "edit": "Edit",
    "delete": "Delete",
    "confirm": "Confirm",
    "loading": "Loading...",
    "success": "Success!",
    "error": "Error!",
    "back": "Back",
    "next": "Next",
    "done": "Done",
    "ok": "OK",
    "close": "Close",
    "yes": "Yes",
    "no": "No",
    "and": "and",
    "or": "or",
    "not": "not",
    "filter": "Filter",
    "sort": "Sort",
    "apply": "Apply",
    "reset": "Reset",
    "search": "Search...",
    "no_data_available": "No data available",
    "pull_to_refresh": "Pull to refresh",
    "load_more": "Load more",
    "no_more_data": "No more data",
    "item_count_0": "No items",
    "item_count_1": "1 item",
    "item_count_many": "%d items",
    "duration_seconds_ago": "seconds ago",
    "duration_minute_ago": "a minute ago",
    "duration_minutes_ago": "minutes ago",
    "duration_hour_ago": "an hour ago",
    "duration_hours_ago": "hours ago",
    "duration_day_ago": "yesterday",
    "duration_days_ago": "days ago",
    "duration_week_ago": "last week",
    "duration_weeks_ago": "weeks ago",
    "duration_month_ago": "last month",
    "duration_months_ago": "months ago",
    "duration_year_ago": "last year",
    "duration_years_ago": "years ago"
  }