{
    "screenBreakpoints": {
      "small": 600,
      "medium": 900,
      "large": 1200
    },
    "default মোবাইলPadding": 16.0,
    "tabletPadding": 24.0,
    "desktopPadding": 32.0,
    "gridColumns": {
      "mobile": 4,
      "tablet": 8,
      "desktop": 12
    },
    "responsiveFontScaling": true,
    "fontSizeScaleFactor": {
      "smallScreen": 0.85,
      "mediumScreen": 1.0,
      "largeScreen": 1.15
    },
    "maxContentWidth": 1440.0,
    "layoutStyles": {
      "defaultLayout": "responsive",
      "alternativeLayout": "fixed_width"
    }
  }