{
    "defaultNetworkClient": "dio", 
    "baseUrl": null, 
    "userAgent": "YourAppName/{{app.version}} ({{device.platform}}; {{device.osVersion}})", 
    "defaultHeaders": { 
      "Accept": "application/json",
      "X-App-Build-Number": "{{app.buildNumber}}"
    },
    "logging": { 
      "request": true,
      "response": true,
      "headers": false,
      "body": false,
      "error": true
    },
    "security": { 
      "enableSSLPinning": false,
      "certificatePaths": [] 
    },
    "cachePolicy": "networkFirst" 
  }