{
    "pushNotificationsEnabled": true,
    "localNotificationsEnabled": true,
    "inAppNotificationsEnabled": false,
    "defaultPushChannel": "default",
    "pushChannels": {
      "default": {
        "name": "General Notifications",
        "description": "General app updates and notifications",
        "importance": "high",
        "sound": "default",
        "vibration": true,
        "showBadge": true
      },
      "marketing": {
        "name": "Marketing Offers",
        "description": "Promotional and marketing messages",
        "importance": "medium",
        "sound": "custom_marketing_sound",
        "vibration": false,
        "showBadge": true
      }
    },
    "notificationIcons": {
      "defaultIcon": "notification_icon",
      "pushIcon": "push_notification_icon",
      "localIcon": "local_notification_icon"
    },
    "notificationBehavior": {
      "groupingEnabled": true,
      "groupKey": "app_notifications",
      "sortOrder": "timestamp_descending",
      "inAppPosition": "top",
      "inAppDurationSeconds": 3
    },
    "errorHandling": {
      "maxRetries": 2,
      "retryDelayMilliseconds": 3000,
      "logNotificationErrors": true
    }
  }