{
    "defaultNotificationProvider": "firebaseFCM", 
    "enabled": true, 
    "pushNotificationsEnabled": true, 
    "localNotificationsEnabled": true, 
    "notificationChannels": { 
      "default": {
        "name": "General Notifications",
        "description": "General app notifications",
        "importance": "high"
      },
      "promo": {
        "name": "Promotional Offers",
        "description": "Notifications about promotions and offers",
        "importance": "default"
      }
    },
    "defaultIcon": "notification_icon", 
    "soundEnabled": true, 
    "vibrationEnabled": true 
  }