{
    "fields": [
      "userId",
      "username",
      "firstName",
      "lastName",
      "email",
      "phoneNumber",
      "profileImageUrl",
      "dateOfBirth",
      "gender",
      "address"
    ],
    "requiredFieldsForRegistration": [
      "firstName",
      "lastName",
      "email",
      "password"
    ],
    "editableFields": [
      "firstName",
      "lastName",
      "phoneNumber",
      "profileImageUrl",
      "dateOfBirth",
      "gender",
      "address"
    ],
    "validationRules": {
      "username": {
        "minLength": 3,
        "maxLength": 20,
        "allowedCharacters": "alphanumeric_underscore"
      },
      "email": {
        "format": "email",
        "maxLength": 254
      },
      "password": {
        "minLength": 8,
        "require цифры": true,
        "requireSymbols": true
      }
    },
    "defaultProfileImage": "assets/images/default_profile.png",
    "maxProfileImageSizeKB": 2048
  }