{
    "minimumFetchIntervalSeconds": 600,
    "fetchTimeoutSeconds": 10,
    "useDeveloperMode": false,
    "configSettings": {
      "fetchOnInitialization": true,
      "automaticApply": true
    },
    "defaultValues": {
      "welcome_message": "Hello from Remote Config!",
      "app_theme": "light",
      "feature_x_enabled": false
    },
    "abTestingGroups": {
      "experiment_group_a": "variant_a",
      "experiment_group_b": "variant_b"
    },
    "errorHandling": {
      "fallbackToDefaultOnError": true,
      "logFetchErrors": true
    }
  }