{
    "analyticsServiceEnabled": true,
    "authServiceEnabled": true,
    "cacheServiceEnabled": true,
    "dataServiceEnabled": true,
    "databaseServiceEnabled": true,
    "deviceServiceEnabled": true,
    "dynamicLinkServiceEnabled": true,
    "eventBusServiceEnabled": true,
    "localStorageServiceEnabled": true,
    "localizationServiceEnabled": true,
    "navigationServiceEnabled": true,
    "networkServiceEnabled": true,
    "notificationServiceEnabled": true,
    "remoteConfigServiceEnabled": true,
    "uiServiceEnabled": true,
    "userServiceEnabled": true
  }