{
    "defaultThemeMode": "system",
    "lightTheme": {
      "primaryColor": "#3F51B5",
      "accentColor": "#E8EAF6",
      "backgroundColor": "#FAFAFA",
      "errorColor": "#B00020",
      "textColor": "#212121",
      "secondaryTextColor": "#757575"
    },
    "darkTheme": {
      "primaryColor": "#212121",
      "accentColor": "#424242",
      "backgroundColor": "#303030",
      "errorColor": "#CF6679",
      "textColor": "#FAFAFA",
      "secondaryTextColor": "#BDBDBD"
    },
    "fontFamily": "Roboto",
    "borderRadius": 8.0,
    "buttonElevation": 2.0,
    "cardElevation": 1.0,
    "appBarElevation": 0.5
  }