{
    "appLanguage": {
      "defaultValue": "en_US",
      "allowedValues": ["en_US", "es_ES", "fr_FR", "de_DE"]
    },
    "appTheme": {
      "defaultValue": "system",
      "allowedValues": ["light", "dark", "system"]
    },
    "notificationPreferences": {
      "pushNotifications": true,
      "emailNotifications": false,
      "inAppNotifications": true,
      "soundEnabled": true,
      "vibrationEnabled": true
    },
    "privacySettings": {
      "locationTrackingEnabled": false,
      "dataCollectionEnabled": true,
      "analyticsEnabled": true,
      "personalizedAdsEnabled": false
    },
    "securitySettings": {
      "biometricLoginEnabled": true,
      "autoLogoutTimeoutMinutes": 30,
      "passwordStrengthIndicatorEnabled": true
    },
    "accessibilitySettings": {
      "fontSizeScale": "normal",
      "highContrastEnabled": false,
      "textToSpeechEnabled": false
    }
  }